Symbol,Current Price,Market Cap,Volatility,P/E Ratio,Dividend Yield,Sectors_Basic Materials,Sectors_Communication Services,Sectors_Consumer Cyclical,Sectors_Consumer Defensive,Sectors_Energy,Sectors_Financial Services,Sectors_Healthcare,Sectors_Industrials,Sectors_Real Estate,Sectors_Technology,Sectors_Utilities
MSFT,402.65,2991866511360,0.014344895579293806,30.138474,0.0072000003,False,False,False,False,False,False,False,False,False,True,False
AAPL,170.12,2626975956992,0.012051062743863375,23.726637,0.0053,False,False,False,False,False,False,False,False,False,True,False
NVDA,859.64,2149100027904,0.029335147498999455,28.837303,0.0002,False,False,False,False,False,False,False,False,False,True,False
AMZN,174.12,1808654008320,0.019152375268222582,32.79096,,False,False,True,False,False,False,False,False,False,False,False
GOOG,133.78,1657520783360,0.017612038226220122,17.129322,,False,True,False,False,False,False,False,False,False,False,False
GOOGL,132.67,1654315155456,0.017539748075835408,16.965473,,False,True,False,False,False,False,False,False,False,False,False
META,490.22,1249771782144,0.02330015359169662,21.360348,0.004,False,True,False,False,False,False,False,False,False,False,False
BRK-B,400.74,867610066944,0.008431511806128044,20.785269,,False,False,False,False,False,True,False,False,False,False,False
LLY,777.59,738838052864,0.018457042477231508,42.67783,0.0066000004,False,False,False,False,False,False,True,False,False,False,False
AVGO,1342.75,622258552832,0.02126548088031208,23.96484,0.015,False,False,False,False,False,False,False,False,False,True,False
TSLA,180.74,575618940928,0.03054692916995661,43.23924,,False,False,True,False,False,False,False,False,False,False,False
V,279.38,573866115072,0.00945508588680398,25.034052,0.0073,False,False,False,False,False,True,False,False,False,False,False
JPM,188.55,543093751808,0.01266370383703313,11.646077,0.0227,False,False,False,False,False,True,False,False,False,False,False
WMT,60.04,483489513472,0.009628722152282698,23.271318,0.014099999,False,False,False,True,False,False,False,False,False,False,False
UNH,473.15,436213088256,0.013254644138729756,15.092504,0.0154,False,False,False,False,False,False,True,False,False,False,False
MA,467.52,436145684480,0.010519606188051941,27.878353,0.0055,False,False,False,False,False,True,False,False,False,False,False
XOM,105.64,419162619904,0.015119544430686518,11.155227,0.0359,False,False,False,False,True,False,False,False,False,False,False
JNJ,159.97,385330937856,0.009931821441792268,14.490036,0.0294,False,False,False,False,False,False,True,False,False,False,False
HD,378.45,376656920576,0.012175265922452605,22.978144,0.0234,False,False,True,False,False,False,False,False,False,False,False
PG,159.32,374883155968,0.009240592761308706,22.890806,0.023699999,False,False,False,True,False,False,False,False,False,False,False
COST,759.95,337211097088,0.010447252769516892,44.18314,0.0054,False,False,False,True,False,False,False,False,False,False,False
AMD,205.13,331447009280,0.029989394681664408,37.500916,,False,False,False,False,False,False,False,False,False,True,False
ABBV,179.16,316480782336,0.012053744142255084,14.673219,0.0347,False,False,False,False,False,False,True,False,False,False,False
MRK,122.83,311084187648,0.011264642689079129,12.585041,0.024300002,False,False,False,False,False,False,True,False,False,False,False
ORCL,110.94,304965189632,0.01912299644050457,17.836014,0.014099999,False,False,False,False,False,False,False,False,False,True,False
CRM,298.75,289189986304,0.01664203708975662,27.183804,0.005,False,False,False,False,False,False,False,False,False,True,False
BAC,35.39,278613426176,0.01711822196799859,10.28779,0.0279,False,False,False,False,False,True,False,False,False,False,False
CVX,149.59,277829025792,0.013914333154245454,10.2318735,0.0403,False,False,False,False,True,False,False,False,False,False,False
NFLX,598.5,259006857216,0.023427954709581058,28.311258,,False,True,False,False,False,False,False,False,False,False,False
KO,59.52,256677609472,0.008001271731528405,19.84,0.0326,False,False,False,True,False,False,False,False,False,False,False
ADBE,544.84,246565158912,0.019774534619444537,26.826197,,False,False,False,False,False,False,False,False,False,True,False
ACN,376.88,236300746752,0.013151180213653366,27.814022,0.0134000005,False,False,False,False,False,False,False,False,False,True,False
TMO,584.61,222918803456,0.013910443116447095,24.177418,0.0027,False,False,False,False,False,False,True,False,False,False,False
PEP,162.04,222712627200,0.009636659726392513,18.351076,0.0307,False,False,False,True,False,False,False,False,False,False,False
LIN,460.96,221987274752,0.011006980666836471,26.81559,0.0124,True,False,False,False,False,False,False,False,False,False,False
MCD,292.54,211229081600,0.008611427463833901,21.55785,0.023,False,False,True,False,False,False,False,False,False,False,False
DIS,112.87,207037448192,0.017565763781387685,20.748161,0.008,False,True,False,False,False,False,False,False,False,False,False
ABT,118.48,205584138240,0.012229312003575308,23.18591,0.0185,False,False,False,False,False,False,True,False,False,False,False
WFC,56.6,202483105792,0.018055383678947098,10.619137,0.0254,False,False,False,False,False,True,False,False,False,False,False
CSCO,48.95,198207848448,0.012189801108316588,12.881579,0.033099998,False,False,False,False,False,False,False,False,False,True,False
TMUS,165.9,196901732352,0.01090502324243525,14.733569,0.008,False,True,False,False,False,False,False,False,False,False,False
DHR,254.39,188172795904,0.014906698746234907,29.37529,0.0042,False,False,False,False,False,False,True,False,False,False,False
INTC,43.16,182480486400,0.024617476137882788,19.267857,0.011,False,False,False,False,False,False,False,False,False,True,False
QCOM,161.45,180178190336,0.01911616508053649,15.088785,0.0196,False,False,False,False,False,False,False,False,False,True,False
INTU,639.73,179110969344,0.01704683552028513,33.90196,0.0054,False,False,False,False,False,False,False,False,False,True,False
IBM,191.95,175969206272,0.011861690895262159,18.023474,0.0353,False,False,False,False,False,False,False,False,False,True,False
AMAT,207.39,172319735808,0.021621114720650966,21.784662,0.0061000003,False,False,False,False,False,False,False,False,False,True,False
GE,157.86,171803770880,0.014226412353118433,26.397993,0.002,False,False,False,False,False,False,False,True,False,False,False
VZ,40.35,169642295296,0.015455357368137978,8.585107,0.066199996,False,True,False,False,False,False,False,False,False,False,False
CMCSA,42.06,167056441344,0.014950962258400946,9.084233,0.029000001,False,True,False,False,False,False,False,False,False,False,False
CAT,333.53,166557204480,0.01790385434422938,14.990112,0.0154,False,False,False,False,False,False,False,True,False,False,False
UBER,79.09,164230381568,0.02350011582796022,36.447002,,False,False,False,False,False,False,False,False,False,True,False
AXP,217.2,157224566784,0.015077457446370892,14.715446,0.0109,False,False,False,False,False,True,False,False,False,False,False
TXN,170.64,155160903680,0.014688069172892325,26.091743,0.030199999,False,False,False,False,False,False,False,False,False,True,False
UNP,253.7,154700677120,0.012564713433857977,20.166931,0.020499999,False,False,False,False,False,False,False,True,False,False,False
NOW,740.15,151730749440,0.018419922156210872,46.288307,,False,False,False,False,False,False,False,False,False,True,False
BX,124.82,151265607680,0.02091176102925275,20.295935,0.026199998,False,False,False,False,False,True,False,False,False,False,False
NKE,98.31,148951449600,0.01720255883992603,23.186321,0.0145000005,False,False,True,False,False,False,False,False,False,False,False
AMGN,276.65,148261994496,0.01385880259722393,13.092759,0.0321,False,False,False,False,False,False,True,False,False,False,False
PFE,26.08,147268026368,0.014639350601686998,9.518249,0.063200004,False,False,False,False,False,False,True,False,False,False,False
MS,89.13,145751605248,0.016246861049500017,12.143051,0.0378,False,False,False,False,False,True,False,False,False,False,False
PM,90.57,140606308352,0.010502129182915206,12.865057,0.0579,False,False,False,True,False,False,False,False,False,False,False
LOW,240.82,138230677504,0.013848416889823101,17.891531,0.0182,False,False,True,False,False,False,False,False,False,False,False
ISRG,387.32,136462917632,0.018286018046107147,52.912567,,False,False,False,False,False,False,True,False,False,False,False
SYK,352.39,134001238016,0.013110914209133835,26.595472,0.009,False,False,False,False,False,False,True,False,False,False,False
SPGI,422.31,132647567360,0.013351006195644773,26.42741,0.0086,False,False,False,False,False,True,False,False,False,False,False
COP,111.22,130840322048,0.016557804776521117,11.442387,0.0221,False,False,False,False,True,False,False,False,False,False,False
HON,197.35,128708124672,0.010821492428298237,18.138786,0.0217,False,False,False,False,False,False,False,True,False,False,False
UPS,149.66,127608053760,0.01525033317869004,15.365504,0.0433,False,False,False,False,False,False,False,True,False,False,False
GS,390.91,127265832960,0.014315617638003156,10.018196,0.028299998,False,False,False,False,False,True,False,False,False,False,False
LRCX,963.1,126265294848,0.022256058184459297,27.03059,0.0082,False,False,False,False,False,False,False,False,False,True,False
SCHW,68.1,124239593472,0.025887728387058606,15.547944,0.0148,False,False,False,False,False,True,False,False,False,False,False
BLK,826.94,123166097408,0.013207170285057435,18.10289,0.024400001,False,False,False,False,False,True,False,False,False,False,False
T,17.17,122813407232,0.017200470148789393,7.4652176,0.0654,False,True,False,False,False,False,False,False,False,False,False
BA,201.14,122722549760,0.01866971141860465,25.721228,,False,False,False,False,False,False,False,True,False,False,False
PLD,132.44,122491248640,0.01600665988827911,42.722584,0.0287,False,False,False,False,False,False,False,False,True,False,False
RTX,90.06,119494303744,0.014755803358562716,14.763934,0.026300002,False,False,False,False,False,False,False,True,False,False,False
BKNG,3430.25,117215076352,0.016845586049806453,16.783688,0.01,False,False,True,False,False,False,False,False,False,False,False
ETN,291.93,116567646208,0.016828495225108646,25.743385,0.0119,False,False,False,False,False,False,False,True,False,False,False
ELV,498.35,115950592000,0.01423699787137016,11.9910965,0.0128999995,False,False,False,False,False,False,True,False,False,False,False
NEE,55.4,113704624128,0.01717104357291755,15.095368,0.0375,False,False,False,False,False,False,False,False,False,False,True
MDT,84.6,112333570048,0.012707705877517088,15.522936,0.0324,False,False,False,False,False,False,True,False,False,False,False
PGR,189.81,111167348736,0.018533719426017767,17.957426,0.0061000003,False,False,False,False,False,True,False,False,False,False,False
TJX,97.39,110993432576,0.009862332974105818,21.594234,0.0136,False,False,True,False,False,False,False,False,False,False,False
C,56.26,107533672448,0.016209916054681552,7.879552,0.0378,False,False,False,False,False,True,False,False,False,False,False
VRTX,415.44,107311472640,0.015449813242869419,22.701641,,False,False,False,False,False,False,True,False,False,False,False
REGN,965.21,105943384064,0.013930784977888326,20.410446,,False,False,False,False,False,False,True,False,False,False,False
BMY,51.82,104789884928,0.01209322276595823,7.2883263,0.047199998,False,False,False,False,False,False,True,False,False,False,False
LMT,431.98,104384946176,0.011334807363566091,15.623147,0.0292,False,False,False,False,False,False,False,True,False,False,False
MU,94.47,104286380032,0.022322516052186072,14.51152,0.0047999998,False,False,False,False,False,False,False,False,False,True,False
SBUX,91.22,103281115136,0.013928911708228298,19.285412,0.0247,False,False,True,False,False,False,False,False,False,False,False
DE,366.73,102680739840,0.016022559839572667,13.301778,0.0161,False,False,False,False,False,False,False,True,False,False,False
ABNB,159.33,101631033344,0.023962739594765775,32.64959,,False,False,True,False,False,False,False,False,False,False,False
CB,249.36,101180063744,0.011777380764172191,10.490534,0.0139,False,False,False,False,False,True,False,False,False,False,False
ADP,244.0,100233003008,0.012178213439565632,24.4,0.0227,False,False,False,False,False,False,False,True,False,False,False
MMC,201.9,99265339392,0.009977713475850539,21.387712,0.014099999,False,False,False,False,False,True,False,False,False,False,False
BSX,67.02,98325037056,0.012379990283931388,26.282352,,False,False,False,False,False,False,True,False,False,False,False
CI,332.73,97324859392,0.019363620173822683,10.388075,0.0166,False,False,False,False,False,False,True,False,False,False,False
AMT,205.42,95798026240,0.01638181491429724,30.659702,0.033,False,False,False,False,False,False,False,False,True,False,False
KLAC,705.87,95457624064,0.021598977904883267,25.519524,0.0081,False,False,False,False,False,False,False,False,False,True,False
MDLZ,70.84,95384641536,0.010881746249283772,18.593176,0.0238,False,False,False,True,False,False,False,False,False,False,False
ADI,189.8,94123343872,0.015852826645310337,25.306667,0.0189,False,False,False,False,False,False,False,False,False,True,False
PANW,291.13,94064107520,0.029853482543247226,47.33821,,False,False,False,False,False,False,False,False,False,True,False
CVS,73.71,92760350720,0.01577333733936178,7.9945765,0.036,False,False,False,False,False,False,True,False,False,False,False
GILD,72.99,90928750592,0.013912406622028105,9.823688,0.042600002,False,False,False,False,False,False,True,False,False,False,False
FI,149.95,88530927616,0.011936264027053485,14.98002,,False,False,False,False,False,False,False,False,False,True,False
ANET,280.47,87684456448,0.028869433657712957,32.765186,,False,False,False,False,False,False,False,False,False,True,False
SNPS,565.26,86227025920,0.01847754788466313,35.73072,,False,False,False,False,False,False,False,False,False,True,False
ZTS,185.23,84810702848,0.01588598602033515,28.584875,0.0092,False,False,False,False,False,False,True,False,False,False,False
SHW,333.28,84808089600,0.0129002751028251,26.346245,0.0085,True,False,False,False,False,False,False,False,False,False,False
EQIX,895.55,84738195456,0.01512597551373515,68.10266,0.0186,False,False,False,False,False,False,False,False,True,False,False
CDNS,307.7,83767943168,0.01750750212018068,44.273384,,False,False,False,False,False,False,False,False,False,True,False
HCA,315.54,83460022272,0.01373792916281492,13.725099,0.0084,False,False,False,False,False,False,True,False,False,False,False
WM,206.87,83078578176,0.010081635200444932,27.255598,0.0145000005,False,False,False,False,False,False,False,True,False,False,False
TGT,168.58,80309321728,0.020541214368058842,18.4442,0.028299998,False,False,False,True,False,False,False,False,False,False,False
ICE,139.42,79834120192,0.011503697272159987,21.028658,0.012999999,False,False,False,False,False,True,False,False,False,False,False
CME,219.9,79162900480,0.011275792818835555,22.30223,0.0388,False,False,False,False,False,True,False,False,False,False,False
ITW,257.88,77054541824,0.01179904502386733,23.572214,0.0215,False,False,False,False,False,False,False,True,False,False,False
GD,273.6,74960928768,0.011169504048734718,16.744186,0.019199999,False,False,False,False,False,False,False,True,False,False,False
CSX,38.25,74936721408,0.011630534482007274,17.465754,0.0125,False,False,False,False,False,False,False,True,False,False,False
CMG,2711.33,74347921408,0.015635706373596524,41.75774,,False,False,True,False,False,False,False,False,False,False,False
SO,67.98,74167541760,0.011530488054526297,15.736112,0.041100003,False,False,False,False,False,False,False,False,False,False,True
MAR,247.88,71757537280,0.014867847477279853,23.080076,0.0084,False,False,True,False,False,False,False,False,False,False,False
DUK,92.69,71446470656,0.011380844552031649,14.66614,0.0444,False,False,False,False,False,False,False,False,False,False,True
CL,86.73,71391887360,0.009261728306010858,22.823685,0.0221,False,False,False,True,False,False,False,False,False,False,False
SLB,49.66,71131496448,0.020704166307286723,11.9375,0.0223,False,False,False,False,True,False,False,False,False,False,False
MO,39.94,70432587776,0.011244720677907855,7.6221375,0.0959,False,False,False,True,False,False,False,False,False,False,False
MCO,382.5,69615001600,0.01298907099158796,30.996758,0.0089,False,False,False,False,False,True,False,False,False,False,False
MCK,528.83,69492498432,0.0127002636907246,17.064537,0.0046,False,False,False,False,False,False,True,False,False,False,False
NOC,458.26,68755496960,0.013530323315370529,16.579596,0.0163,False,False,False,False,False,False,False,True,False,False,False
PH,528.0,67801006080,0.017111440820847187,20.060791,0.0111,False,False,False,False,False,False,False,True,False,False,False
BDX,233.45,67444174848,0.012304456878878422,16.279636,0.0161,False,False,False,False,False,False,True,False,False,False,False
EOG,116.2,67396227072,0.01750547096118156,9.691409,0.031400003,False,False,False,False,True,False,False,False,False,False,False
USB,43.25,67389124608,0.02543479890365641,9.874429,0.045900002,False,False,False,False,False,True,False,False,False,False,False
APH,109.64,65768099840,0.011486206569967872,29.874659,0.007900001,False,False,False,False,False,False,False,False,False,True,False
TDG,1160.0,64503308288,0.014037312950552045,31.174416,,False,False,False,False,False,False,False,True,False,False,False
TT,284.06,64502071296,0.016673813703439937,24.961336,0.0117,False,False,False,False,False,False,False,True,False,False,False
ECL,223.41,63786459136,0.012089879664943468,30.604109,0.0101,True,False,False,False,False,False,False,False,False,False,False
ORLY,1079.67,63740047360,0.012274359447738784,22.976591,,False,False,True,False,False,False,False,False,False,False,False
NXPI,248.46,63719804928,0.019608054550180238,15.947369,0.0159,False,False,False,False,False,False,False,False,False,True,False
CTAS,625.39,63396409344,0.011474729861611565,38.675945,0.0086,False,False,False,False,False,False,False,True,False,False,False
MPC,175.17,63299256320,0.018287559348003878,11.764271,0.019,False,False,False,False,True,False,False,False,False,False,False
PSX,146.1,62505086976,0.01657757626321326,10.1528845,0.0291,False,False,False,False,True,False,False,False,False,False,False
AON,315.2,62503530496,0.01246032773791472,17.757748,0.0078,False,False,False,False,False,True,False,False,False,False,False
PYPL,58.27,62450290688,0.024501535046119755,10.4614,,False,False,False,False,False,True,False,False,False,False,False
EMR,109.02,62326726656,0.014563701346388581,18.731958,0.019199999,False,False,False,False,False,False,False,True,False,False,False
FDX,248.72,62153383936,0.01613294164348808,11.493531,0.020399999,False,False,False,False,False,False,False,True,False,False,False
PNC,155.12,61707976704,0.019330524279031078,10.978061,0.04,False,False,False,False,False,True,False,False,False,False,False
MNST,57.89,60628193280,0.013299018429850387,27.966185,,False,False,False,True,False,False,False,False,False,False,False
PCAR,114.08,59764686848,0.013518763416232784,13.452831,0.0095999995,False,False,False,False,False,False,False,True,False,False,False
NSC,257.35,58130735104,0.014237457491909892,18.716364,0.0208,False,False,False,False,False,False,False,True,False,False,False
RSG,183.76,57817690112,0.00900543224938069,27.345238,0.0116,False,False,False,False,False,False,False,True,False,False,False
ROP,537.01,57471885312,0.009641175681908086,26.985428,0.0055,False,False,False,False,False,False,False,False,False,True,False
LULU,446.06,56288755712,0.01928349809757509,31.368494,,False,False,True,False,False,False,False,False,False,False,False
SPG,149.86,56169476096,0.01576462725409037,22.20148,0.0512,False,False,False,False,False,False,False,False,True,False,False
CEG,176.77,55977230336,0.02011328466580054,23.506649,0.008,False,False,False,False,False,False,False,False,False,False,True
PXD,237.25,55427059712,0.01669938105175012,11.461352,0.0466,False,False,False,False,True,False,False,False,False,False,False
MSI,331.81,55124586496,0.011366828642715227,23.9574,0.0117,False,False,False,False,False,False,False,False,False,True,False
AZO,3102.86,53716713472,0.013748818645079656,18.650358,,False,False,True,False,False,False,False,False,False,False,False
OXY,60.58,53280051200,0.016034532058683226,13.990763,0.0145000005,False,False,False,False,True,False,False,False,False,False,False
APD,239.58,53258870784,0.017842069312161524,17.852459,0.0294,True,False,False,False,False,False,False,False,False,False,False
FCX,37.12,53245296640,0.02183974087524041,17.345793,0.015800001,True,False,False,False,False,False,False,False,False,False,False
AJG,245.35,53191880704,0.011644522974611169,21.578716,0.0099,False,False,False,False,False,True,False,False,False,False,False
ADSK,247.29,52899041280,0.017034483937654853,27.085432,,False,False,False,False,False,False,False,False,False,True,False
EL,147.32,52810244096,0.027151564460458615,34.50117,0.0179,False,False,False,True,False,False,False,False,False,False,False
FTNT,69.04,52679659520,0.024817680074851894,35.587627,,False,False,False,False,False,False,False,False,False,True,False
COF,137.56,52324106240,0.0184628309037718,8.3980465,0.0176,False,False,False,False,False,True,False,False,False,False,False
WELL,91.55,52080783360,0.015127360836057384,54.820362,0.026099999,False,False,False,False,False,False,False,False,True,False,False
CPRT,53.86,51784343552,0.013532972322109113,33.453415,,False,False,False,False,False,False,False,True,False,False,False
EW,86.1,51771924480,0.01763595583260173,27.864079,,False,False,False,False,False,False,True,False,False,False,False
HLT,203.81,51392929792,0.013280490983528195,24.644497,0.003,False,False,True,False,False,False,False,False,False,False,False
MMM,92.69,51229765632,0.01733141036787682,9.0872555,0.065799996,False,False,False,False,False,False,False,True,False,False,False
MET,70.47,50951221248,0.01723673176070803,7.0540543,0.0298,False,False,False,False,False,True,False,False,False,False,False
CARR,56.59,50838421504,0.0183921258485134,18.373377,0.0135,False,False,False,False,False,False,False,True,False,False,False
AIG,73.92,50336116736,0.01612540088313037,9.069939,0.0197,False,False,False,False,False,True,False,False,False,False,False
ROST,149.17,50220466176,0.012813439682292075,25.24027,0.0089,False,False,True,False,False,False,False,False,False,False,False
TRV,219.13,50208382976,0.012629384837884334,10.58599,0.0183,False,False,False,False,False,True,False,False,False,False,False
DHI,151.12,50144182272,0.018231301585879087,9.712082,0.007900001,False,False,True,False,False,False,False,False,False,False,False
F,12.58,49988263936,0.02133096014715078,6.8369565,0.0482,False,False,True,False,False,False,False,False,False,False,False
TFC,37.07,49471029248,0.02702009839667025,9.456633,0.059,False,False,False,False,False,True,False,False,False,False,False
PSA,279.51,49243512832,0.014491916472257161,24.24198,0.0421,False,False,False,False,False,False,False,False,True,False,False
GWW,985.76,48473169920,0.013868504331922757,22.983446,0.0075,False,False,False,False,False,False,False,True,False,False,False
CCI,111.57,48445366272,0.017080979932302093,42.747128,0.0555,False,False,False,False,False,False,False,False,True,False,False
VLO,144.31,47980474368,0.01899246185084586,10.949165,0.0296,False,False,False,False,True,False,False,False,False,False,False
DLR,150.25,47891136512,0.020202554960290733,122.15447,0.0317,False,False,False,False,False,False,False,False,True,False,False
COR,235.31,47262953472,0.010099764503734182,16.12817,0.0087,False,False,False,False,False,False,True,False,False,False,False
DXCM,121.78,46948016128,0.02357445305884331,54.609863,,False,False,False,False,False,False,True,False,False,False,False
GM,40.65,46927581184,0.019917385679675204,4.452355,0.0117,False,False,True,False,False,False,False,False,False,False,False
ODFL,430.08,46808616960,0.019005689861433826,28.767893,0.0047,False,False,False,False,False,False,False,True,False,False,False
AFL,80.83,46639558656,0.013326824112011873,11.680636,0.0251,False,False,False,False,False,True,False,False,False,False,False
IDXX,558.32,46390472704,0.01877039434947241,43.89308,,False,False,False,False,False,False,True,False,False,False,False
MCHP,85.64,46278823936,0.02031300039875796,28.07869,0.0194,False,False,False,False,False,False,False,False,False,True,False
URI,679.37,45647958016,0.02476018980704934,14.4423895,0.0092,False,False,False,False,False,False,False,True,False,False,False
IQV,250.2,45539901440,0.01780733830510425,19.936255,,False,False,False,False,False,False,True,False,False,False,False
STZ,248.14,45364953088,0.011224351867890075,18.476545,0.014199999,False,False,False,True,False,False,False,False,False,False,False
OKE,77.52,45206482944,0.014869086030217587,14.043478,0.0517,False,False,False,False,True,False,False,False,False,False,False
O,52.25,44993728512,0.012524211531062679,35.544216,0.0584,False,False,False,False,False,False,False,False,True,False,False
HES,146.36,44954767360,0.01917260485634601,15.754575,0.012,False,False,False,False,True,False,False,False,False,False,False
WMB,36.69,44642553856,0.012025745294540856,17.724638,0.052199997,False,False,False,False,True,False,False,False,False,False,False
NUE,184.8,44489674752,0.01896266968805497,14.4262295,0.0115,True,False,False,False,False,False,False,False,False,False,False
LEN,159.56,44407943168,0.0173611901185524,9.904407,0.0125,False,False,True,False,False,False,False,False,False,False,False
SRE,70.21,44383252480,0.011878100854998248,13.606589,0.035099998,False,False,False,False,False,False,False,False,False,False,True
AEP,84.05,44225851392,0.013490620886067296,14.102349,0.0414,False,False,False,False,False,False,False,False,False,False,True
MSCI,550.35,43527839744,0.017872403540285887,32.41166,0.0115,False,False,False,False,False,True,False,False,False,False,False
TEL,140.24,43305975808,0.013467648179923566,16.69524,0.0164,False,False,False,False,False,False,False,False,False,True,False
PAYX,120.23,43261403136,0.013070466603927269,23.902584,0.0291,False,False,False,False,False,False,False,True,False,False,False
PCG,16.43,42904809472,0.013075745280266903,11.17687,0.0011999999,False,False,False,False,False,False,False,False,False,False,True
KHC,35.13,42616205312,0.011013457172560847,10.943926,0.0456,False,False,False,True,False,False,False,False,False,False,False
FAST,74.34,42539802624,0.012603711803395468,31.76923,0.0209,False,False,False,False,False,False,False,True,False,False,False
A,144.35,42300612608,0.01685681362546023,23.586603,0.0066000004,False,False,False,False,False,False,True,False,False,False,False
BK,55.89,42165481472,0.015111348646381783,9.521295,0.030299999,False,False,False,False,False,True,False,False,False,False,False
GEHC,91.81,41806323712,0.018141542444801574,19.008282,0.0013,False,False,False,False,False,False,True,False,False,False,False
KMB,123.62,41645477888,0.009754050127213112,16.864939,0.0395,False,False,False,True,False,False,False,False,False,False,False
AME,179.45,41455280128,0.011139050304419014,24.022758,0.0062,False,False,False,False,False,False,False,True,False,False,False
CNC,77.4,41398398976,0.016013959818501868,10.197628,,False,False,False,False,False,False,True,False,False,False,False
AMP,412.59,41379061760,0.015404870792208652,11.1813,0.013099999,False,False,False,False,False,True,False,False,False,False,False
ALL,156.77,41241014272,0.01604834457670935,9.530091,0.0235,False,False,False,False,False,True,False,False,False,False,False
JCI,60.35,41128345600,0.017058452025393335,14.683698,0.024500001,False,False,False,False,False,False,False,True,False,False,False
CHTR,280.85,40786440192,0.022776398037583606,7.5966997,,False,True,False,False,False,False,False,False,False,False,False
HUM,337.92,40771063808,0.01922939753871648,13.636804,0.010199999,False,False,False,False,False,False,True,False,False,False,False
LHX,213.83,40650792960,0.013871518382701582,15.176011,0.0215,False,False,False,False,False,False,False,True,False,False,False
KDP,29.09,40364994560,0.011708422047074792,14.190245,0.0296,False,False,False,True,False,False,False,False,False,False,False
DOW,56.98,40341213184,0.01385562489704757,13.189815,0.0502,True,False,False,False,False,False,False,False,False,False,False
FIS,69.75,40208502784,0.01992029968148687,13.160377,0.0276,False,False,False,False,False,False,False,False,False,True,False
SYY,79.58,39617314816,0.011665903206200765,16.753685,0.0252,False,False,False,True,False,False,False,False,False,False,False
KMI,17.72,39327236096,0.010860108842472507,13.952756,0.0643,False,False,False,False,True,False,False,False,False,False,False
PRU,108.93,39129399296,0.015654538621802893,7.486598,0.048600003,False,False,False,False,False,True,False,False,False,False,False
YUM,138.7,39021301760,0.010116379524377654,21.33846,0.019299999,False,False,True,False,False,False,False,False,False,False,False
CTSH,77.78,38722150400,0.013914277929067253,15.587174,0.0152,False,False,False,False,False,False,False,False,False,True,False
D,46.1,38606123008,0.016268305253977947,13.639052,0.0572,False,False,False,False,False,False,False,False,False,False,True
CMI,271.35,38492897280,0.015048807861707269,12.977045,0.0248,False,False,False,False,False,False,False,True,False,False,False
NEM,33.34,38424014848,0.021277913325580128,10.226994,0.0313,True,False,False,False,False,False,False,False,False,False,False
LVS,50.91,38366842880,0.01864632211821471,16.52922,0.0117999995,False,False,True,False,False,False,False,False,False,False,False
OTIS,94.54,38331715584,0.011442593213718998,22.29717,0.014199999,False,False,False,False,False,False,False,True,False,False,False
HSY,187.56,38252863488,0.01138165735115856,18.370226,0.0298,False,False,False,True,False,False,False,False,False,False,False
CTVA,53.94,37854171136,0.019628174597597782,15.680232,0.0119,True,False,False,False,False,False,False,False,False,False,False
MLM,602.9,37272784896,0.014898200343491454,25.51418,0.0049,True,False,False,False,False,False,False,False,False,False,False
GIS,64.47,36611866624,0.011099860133087499,13.80514,0.0367,False,False,False,True,False,False,False,False,False,False,False
MRNA,95.56,36510896128,0.031232765685212577,-19.227364,,False,False,False,False,False,False,True,False,False,False,False
EA,136.28,36434456576,0.01160169431326706,17.93158,0.0055,False,True,False,False,False,False,False,False,False,False,False
KVUE,19.01,36396167168,0.016085768687599224,15.208,0.0425,False,False,False,True,False,False,False,False,False,False,False
IR,89.97,36297138176,0.015292333794815085,25.272472,0.00090000004,False,False,False,False,False,False,False,True,False,False,False
EXC,36.27,36253282304,0.01359213076039217,13.843513,0.042,False,False,False,False,False,False,False,False,False,False,True
IT,460.23,35883167744,0.016051963446220126,35.293713,,False,False,False,False,False,False,False,False,False,True,False
CSGP,87.35,35674525696,0.01669920139909747,67.71318,,False,False,False,False,False,False,False,False,True,False,False
KR,49.48,35597049856,0.011586096692111206,11.400921,0.0235,False,False,False,True,False,False,False,False,False,False,False
VMC,264.98,35037511680,0.014046082901596592,27.038776,0.0069,True,False,False,False,False,False,False,False,False,False,False
PWR,239.71,34937491456,0.018061042581250276,24.995829,0.0015,False,False,False,False,False,False,False,True,False,False,False
MPWR,717.64,34466816000,0.029848244241896117,44.463448,0.0067000003,False,False,False,False,False,False,False,False,False,True,False
VRSK,237.74,34089539584,0.011834450430871913,32.34558,0.0064999997,False,False,False,False,False,False,False,True,False,False,False
DG,154.85,33989109760,0.02309219920390676,20.619175,0.0159,False,False,False,True,False,False,False,False,False,False,False
GPN,128.83,33236207616,0.018809791938164046,9.767248,0.0078,False,False,False,False,False,False,False,True,False,False,False
ROK,287.68,32965826560,0.02011522629284809,21.341246,0.0174,False,False,False,False,False,False,False,True,False,False,False
LYB,101.48,32932595712,0.013705935619085417,10.219537,0.049200002,True,False,False,False,False,False,False,False,False,False,False
ON,76.99,32900059136,0.02873416756159029,14.920543,,False,False,False,False,False,False,False,False,False,True,False
CDW,244.97,32878649344,0.015079052649408321,21.301739,0.01,False,False,False,False,False,False,False,False,False,True,False
NDAQ,56.93,32746532864,0.014451235023358794,18.364517,0.0154,False,False,False,False,False,True,False,False,False,False,False
ACGL,87.39,32697057280,0.015948779068476516,10.269094,,False,False,False,False,False,True,False,False,False,False,False
PPG,138.79,32651040768,0.013578824146718871,14.859742,0.0185,True,False,False,False,False,False,False,False,False,False,False
DLTR,149.08,32480358400,0.018859365828304796,21.206259,,False,False,False,True,False,False,False,False,False,False,False
RCL,126.1,32363565056,0.02217076999600385,10.833333,,False,False,True,False,False,False,False,False,False,False,False
EFX,260.69,32314089472,0.017352748678991788,26.986544,0.0058,False,False,False,False,False,False,False,True,False,False,False
FANG,180.06,32131168256,0.01794674365134699,9.224385,0.0438,False,False,False,False,True,False,False,False,False,False,False
PEG,64.21,32014270464,0.012111175852687076,16.012468,0.0379,False,False,False,False,False,False,False,False,False,False,True
BIIB,217.23,31576768512,0.014252578342503144,12.328603,,False,False,False,False,False,False,True,False,False,False,False
FICO,1263.65,31404357632,0.016803765692810856,43.559116,,False,False,False,False,False,False,False,False,False,True,False
HAL,35.18,31313788928,0.021608550553510564,8.97449,0.019299999,False,False,False,False,True,False,False,False,False,False,False
EXR,142.58,31152732160,0.019668873385209812,26.55121,0.043899998,False,False,False,False,False,False,False,False,True,False,False
ED,88.99,30746935296,0.011353310597339848,15.891071,0.0372,False,False,False,False,False,False,False,False,False,False,True
XYL,126.19,30508957696,0.01316613582682333,27.552402,0.0113,False,False,False,False,False,False,False,True,False,False,False
BKR,30.17,30407739392,0.016512382169882992,11.924901,0.028499998,False,False,False,False,True,False,False,False,False,False,False
DFS,121.27,30384805888,0.02373703813521816,8.838921,0.0233,False,False,False,False,False,True,False,False,False,False,False
VICI,28.92,30154305536,0.012598985182265963,10.83146,0.0559,False,False,False,False,False,False,False,False,True,False,False
FTV,84.14,29565112320,0.014046595354208241,20.323671,0.0038,False,False,False,False,False,False,False,False,False,True,False
BF-B,60.78,28957657088,0.015237698237400961,28.669813,0.0145000005,False,False,False,True,False,False,False,False,False,False,False
DD,69.0,28813228032,0.01715734997281599,16.586538,0.0218,True,False,False,False,False,False,False,False,False,False,False
DVN,45.08,28625801216,0.019397689291400906,8.196364,0.0545,False,False,False,False,True,False,False,False,False,False,False
ANSS,328.79,28610582528,0.019381817700108883,30.471733,,False,False,False,False,False,False,False,False,False,True,False
ADM,53.46,28514547712,0.021134132031974725,9.169811,0.0376,False,False,False,True,False,False,False,False,False,False,False
HPQ,29.13,28503150592,0.015376023613692568,8.002747,0.0379,False,False,False,False,False,False,False,False,False,True,False
HIG,95.84,28498024448,0.013262016112062425,8.384952,0.0198,False,False,False,False,False,True,False,False,False,False,False
CBRE,91.88,28087347200,0.018519556612347506,17.046383,,False,False,False,False,False,False,False,False,True,False,False
HWM,67.96,27884259328,0.014205659866449338,25.358208,0.0027,False,False,False,False,False,False,False,True,False,False,False
WTW,271.73,27847163904,0.01453435325732331,14.680173,0.0128999995,False,False,False,False,False,True,False,False,False,False,False
GLW,32.5,27737905152,0.014070095382450715,15.046296,0.0336,False,False,False,False,False,False,False,False,False,True,False
MTD,1286.9,27640940544,0.017220227935183793,29.003832,,False,False,False,False,False,False,True,False,False,False,False
CAH,112.92,27465869312,0.013099731262294306,14.097378,0.0178,False,False,False,False,False,False,True,False,False,False,False
KEYS,155.77,27208189952,0.016946313353082165,21.078485,,False,False,False,False,False,False,False,False,False,True,False
XEL,48.65,27008337920,0.01423677151675612,12.669271,0.0429,False,False,False,False,False,False,False,False,False,False,True
DAL,41.8,26890944512,0.01969355848726975,5.5807743,0.0095999995,False,False,False,False,False,False,False,True,False,False,False
GRMN,140.09,26866038784,0.013181530002525536,23.505033,0.0218,False,False,False,False,False,False,False,False,False,True,False
TSCO,247.86,26748307456,0.014720758797687684,21.973404,0.0174,False,False,True,False,False,False,False,False,False,False,False
ULTA,549.46,26682603520,0.017757457198050802,20.373009,,False,False,True,False,False,False,False,False,False,False,False
RMD,177.63,26127417344,0.02133067093279445,21.84871,0.0106,False,False,False,False,False,False,True,False,False,False,False
AVB,183.74,26095673344,0.013463731716599396,33.900368,0.0367,False,False,False,False,False,False,False,False,True,False,False
TROW,116.26,26002362368,0.016666476115135293,14.478208,0.042600002,False,False,False,False,False,True,False,False,False,False,False
EBAY,50.09,25946619904,0.017359817546872124,9.95825,0.0225,False,False,True,False,False,False,False,False,False,False,False
EIX,67.11,25805406208,0.013424226992503412,12.048473,0.0462,False,False,False,False,False,False,False,False,False,False,True
WST,351.95,25797687296,0.018173205700163404,38.889503,0.0022,False,False,False,False,False,False,True,False,False,False,False
ZBH,124.78,25590380544,0.013309950309786779,14.359034,0.0076,False,False,False,False,False,False,True,False,False,False,False
RJF,121.49,25394810880,0.017198683191388238,12.052579,0.0149,False,False,False,False,False,True,False,False,False,False,False
WEC,79.73,25159757824,0.012727258603773859,15.244742,0.0419,False,False,False,False,False,False,False,False,False,False,True
WY,34.44,25124702208,0.014254880631771326,25.894735,0.0226,False,False,False,False,False,False,False,False,True,False,False
WAB,141.3,25014196224,0.01294075889151803,18.665787,0.005,False,False,False,False,False,False,False,True,False,False,False
CHD,101.91,24843313152,0.011182121873161307,27.321716,0.0112,False,False,False,True,False,False,False,False,False,False,False
FITB,36.35,24762419200,0.024616091899614896,10.445402,0.0383,False,False,False,False,False,True,False,False,False,False,False
TTWO,143.94,24554149888,0.016873190653578462,24.030052,,False,True,False,False,False,False,False,False,False,False,False
NVR,7595.1,24265433088,0.014755133325573482,15.272366,,False,False,True,False,False,False,False,False,False,False,False
BLDR,198.3,24180703232,0.02621581082971988,13.545082,,False,False,False,False,False,False,False,True,False,False,False
BRO,84.1,24035946496,0.01238032681218802,22.668463,0.0062,False,False,False,False,False,True,False,False,False,False,False
MTB,143.86,23970529280,0.022072303598462337,9.002503,0.0372,False,False,False,False,False,True,False,False,False,False,False
AXON,315.1,23727912960,0.023073844139087984,55.769913,,False,False,False,False,False,False,False,True,False,False,False
BR,201.2,23695726592,0.011805960621439935,23.55972,0.0156,False,False,False,False,False,False,False,False,False,True,False
EQR,62.28,23638622208,0.013494590237796197,37.293415,0.0422,False,False,False,False,False,False,False,False,True,False,False
HPE,18.1,23526924288,0.02041802205527491,8.786408,0.030299999,False,False,False,False,False,False,False,False,False,True,False
PHM,110.45,23427770368,0.01803396090243801,8.581973,0.0072000003,False,False,True,False,False,False,False,False,False,False,False
SBAC,216.5,23405598720,0.018410331241719813,33.72274,0.0185,False,False,False,False,False,False,False,False,True,False,False
DOV,167.27,23400570880,0.013520305614062516,16.930162,0.012200001,False,False,False,False,False,False,False,True,False,False,False
AWK,119.26,23226482688,0.01361244782595352,21.107965,0.0233,False,False,False,False,False,False,False,False,False,False,True
IRM,78.57,22964125696,0.014293419968588426,36.71495,0.032899998,False,False,False,False,False,False,False,False,True,False,False
TRGP,102.52,22877851648,0.015668507238911437,13.835358,0.0198,False,False,False,False,True,False,False,False,False,False,False
DTE,109.99,22707763200,0.012258132467572133,15.340306,0.0372,False,False,False,False,False,False,False,False,False,False,True
LYV,98.2,22664361984,0.018653730955483533,44.234234,,False,True,False,False,False,False,False,False,False,False,False
STE,228.38,22567141376,0.014179811139627843,23.964325,0.0089,False,False,False,False,False,False,True,False,False,False,False
MOH,385.58,22517870592,0.016770097840397367,14.21755,,False,False,False,False,False,False,True,False,False,False,False
ALGN,299.49,22492925952,0.030109153211697305,28.522856,,False,False,False,False,False,False,True,False,False,False,False
APTV,79.43,22163828736,0.02072799030103056,11.031945,,False,False,True,False,False,False,False,False,False,False,False
STT,73.31,22135513088,0.018791109932439407,8.60446,0.0373,False,False,False,False,False,True,False,False,False,False,False
VLTO,88.5,21818966016,0.01925714580734862,24.85955,0.0041,False,False,False,False,False,False,False,True,False,False,False
ETR,102.04,21719111680,0.012596848154937907,13.200518,0.044299997,False,False,False,False,False,False,False,False,False,False,True
ARE,124.12,21714049024,0.022029212256404643,36.292397,0.0403,False,False,False,False,False,False,False,False,True,False,False
WRB,84.05,21562943488,0.01429375620170493,12.832061,0.0053,False,False,False,False,False,True,False,False,False,False,False
BAX,42.41,21536944128,0.017891359817434952,13.170807,0.0273,False,False,False,False,False,False,True,False,False,False,False
ROL,44.28,21426425856,0.014752522140541367,39.89189,0.0136,False,False,True,False,False,False,False,False,False,False,False
PTC,179.19,21422522368,0.0127277368825161,29.279413,,False,False,False,False,False,False,False,False,False,True,False
ILMN,134.68,21400651776,0.02791043443870198,54.747963,,False,False,False,False,False,False,True,False,False,False,False
INVH,34.87,21338976256,0.013654691646306357,44.705128,0.0324,False,False,False,False,False,False,False,False,True,False,False
FE,37.01,21260060672,0.012922458413868352,12.985965,0.044,False,False,False,False,False,False,False,False,False,False,True
NTAP,102.68,21155264512,0.02025620239301884,15.371258,0.0194,False,False,False,False,False,False,False,False,False,True,False
GPC,149.94,20905086976,0.015040439555824514,14.145283,0.026700001,False,False,True,False,False,False,False,False,False,False,False
DRI,174.41,20826472448,0.01119693883841111,17.980413,0.0295,False,False,True,False,False,False,False,False,False,False,False
STLD,128.5,20793356288,0.021959743343610994,13.274793,0.0138,True,False,False,False,False,False,False,False,False,False,False
CCL,15.89,20756789248,0.030772171634089154,11.683824,,False,False,True,False,False,False,False,False,False,False,False
WDC,63.49,20688850944,0.02338253573274007,10.761017,,False,False,False,False,False,False,False,False,False,True,False
JBHT,200.09,20668897280,0.016225916680593352,20.908047,0.0085,False,False,False,False,False,False,False,True,False,False,False
STX,98.63,20664070144,0.02078580419932736,20.336082,0.028800001,False,False,False,False,False,False,False,False,False,True,False
LUV,34.41,20531243008,0.02022511682596044,14.2190075,0.0211,False,False,False,False,False,False,False,True,False,False,False
HUBB,380.65,20413116416,0.0179727930574416,21.726597,0.0126,False,False,False,False,False,False,False,True,False,False,False
ES,58.14,20330803200,0.01642896425159008,12.163179,0.048499998,False,False,False,False,False,False,False,False,False,False,True
WAT,343.41,20330764288,0.018456498681108432,26.154608,,False,False,False,False,False,False,True,False,False,False,False
FLT,280.61,20261189632,0.017464734902812966,12.443902,,False,False,False,False,False,False,False,False,False,True,False
COO,101.42,20157833216,0.01481172915904291,25.741116,0.0001,False,False,False,False,False,False,True,False,False,False,False
BALL,63.84,20150583296,0.020165561022249385,18.450867,0.0124,False,False,True,False,False,False,False,False,False,False,False
CBOE,190.25,20086976512,0.011467216646741092,21.256983,0.0116,False,False,False,False,False,True,False,False,False,False,False
CTRA,26.69,20066795520,0.016913798364652396,9.46454,0.0317,False,False,False,False,True,False,False,False,False,False,False
TDY,423.21,20050165760,0.012959283492710283,18.927101,,False,False,False,False,False,False,False,False,False,True,False
WBD,8.14,19859077120,0.03274502757931338,-67.833336,,False,True,False,False,False,False,False,False,False,False,False
HBAN,13.66,19784460288,0.023546646213645262,9.827338,0.0464,False,False,False,False,False,True,False,False,False,False,False
PPL,26.76,19738257408,0.011620867935635932,14.703297,0.0385,False,False,False,False,False,False,False,False,False,False,True
IFF,76.72,19587768320,0.021529589534199874,17.800465,0.0211,True,False,False,False,False,False,False,False,False,False,False
VRSN,191.37,19309232128,0.011491685610007575,21.599323,,False,False,False,False,False,False,False,False,False,True,False
JBL,151.1,19272202240,0.02303855887782495,14.161201,0.0022,False,False,False,False,False,False,False,False,False,True,False
AEE,72.12,19205556224,0.013578014103601176,14.688392,0.0369,False,False,False,False,False,False,False,False,False,False,True
TSN,53.71,19174952960,0.017608785188384258,15.129578,0.0367,False,False,False,True,False,False,False,False,False,False,False
PFG,80.99,19102949376,0.015936360761966865,9.676225,0.0342,False,False,False,False,False,True,False,False,False,False,False
HRL,34.02,18603497472,0.016841018827131692,20.25,0.0335,False,False,False,True,False,False,False,False,False,False,False
CLX,149.9,18603489280,0.014492711107242252,23.061537,0.0318,False,False,False,True,False,False,False,False,False,False,False
MKC,68.9,18487316480,0.015154642048878874,22.590164,0.024500001,False,False,False,True,False,False,False,False,False,False,False
J,147.12,18485774336,0.013906363267328246,16.548931,0.007900001,False,False,False,False,False,False,False,True,False,False,False
EXPE,134.03,18266681344,0.027766309555838663,8.608221,,False,False,True,False,False,False,False,False,False,False,False
K,53.42,18199019520,0.011334137644044324,13.984293,0.0417,False,False,False,True,False,False,False,False,False,False,False
LH,216.15,18178213888,0.011657684979446865,13.458904,0.013099999,False,False,False,False,False,False,True,False,False,False,False
WBA,21.01,18118520832,0.02244534684553916,5.9016857,0.048600003,False,False,False,False,False,False,True,False,False,False,False
RF,19.49,17908658176,0.023104738978584578,8.819004,0.0505,False,False,False,False,False,True,False,False,False,False,False
IEX,235.34,17802223616,0.012347163629580944,25.918503,0.0107,False,False,False,False,False,False,False,True,False,False,False
EPAM,306.5,17724129280,0.02591603417016818,25.499166,,False,False,False,False,False,False,False,False,False,True,False
FDS,464.33,17684658176,0.012532638907994689,26.337494,0.0085,False,False,False,False,False,True,False,False,False,False,False
TYL,417.18,17636743168,0.015541929963177173,40.660816,,False,False,False,False,False,False,False,False,False,True,False
OMC,89.06,17633255424,0.014776309655848257,10.6531105,0.031400003,False,True,False,False,False,False,False,False,False,False,False
CNP,27.89,17615183872,0.012128678077722796,16.028736,0.0286,False,False,False,False,False,False,False,False,False,False,True
LDOS,129.3,17556226048,0.015711370915988367,14.913495,0.0119,False,False,False,False,False,False,False,False,False,True,False
CINF,111.96,17540212736,0.01433825923731142,16.063128,0.028800001,False,False,False,False,False,True,False,False,False,False,False
CMS,59.3,17460529152,0.012498342788299085,16.426594,0.0349,False,False,False,False,False,False,False,False,False,False,True
NTRS,85.16,17444345856,0.020114131436365024,12.67262,0.0355,False,False,False,False,False,True,False,False,False,False,False
AVY,216.17,17403566080,0.01310893926411751,20.548477,0.015,False,False,True,False,False,False,False,False,False,False,False
HOLX,73.76,17313832960,0.012009761656628114,16.801823,,False,False,False,False,False,False,True,False,False,False,False
VTR,42.97,17293793280,0.01698540783913006,-65.10606,0.040799998,False,False,False,False,False,False,False,False,True,False,False
ATO,114.46,17265145856,0.011476866342797258,16.212465,0.0286,False,False,False,False,False,False,False,False,False,False,True
TXT,89.34,17229576192,0.015039321706793944,13.061402,0.00090000004,False,False,False,False,False,False,False,True,False,False,False
EXPD,119.14,17144127488,0.013556179067157231,23.17899,0.0115,False,False,False,False,False,False,False,True,False,False,False
FSLR,159.06,16995401728,0.03136645390098919,7.4396634,,False,False,False,False,False,False,False,False,False,True,False
ENPH,125.09,16982093824,0.03976451508226398,22.868374,,False,False,False,False,False,False,False,False,False,True,False
MAS,76.6,16833997824,0.016336752875289764,16.761486,0.0149,False,False,False,False,False,False,False,True,False,False,False
EQT,37.99,16731823104,0.021933295263640837,8.423503,0.0168,False,False,False,False,True,False,False,False,False,False,False
SYF,40.85,16619576320,0.019296808688306476,6.4330707,0.0241,False,False,False,False,False,True,False,False,False,False,False
AKAM,109.38,16574351360,0.013936071647895435,14.922237,,False,False,False,False,False,False,False,False,False,True,False
L,74.58,16571750400,0.010942271938908942,25.717241,0.0034,False,False,False,False,False,True,False,False,False,False,False
PKG,184.48,16533891072,0.014489382902842218,18.24728,0.027,False,False,True,False,False,False,False,False,False,False,False
CE,151.61,16511239168,0.01887697081744385,10.837027,0.018099999,True,False,False,False,False,False,False,False,False,False,False
BBY,75.96,16361480192,0.016918515446865373,11.286776,0.048499998,False,False,True,False,False,False,False,False,False,False,False
ESS,242.8,16137095168,0.01541451691138184,44.38757,0.0402,False,False,False,False,False,False,False,False,True,False,False
SWKS,100.33,16075474944,0.017723956162244914,12.325553,0.025899999,False,False,False,False,False,False,False,False,False,True,False
EG,366.93,15918010368,0.016526542237054423,5.3433814,0.019,False,False,False,False,False,True,False,False,False,False,False
TER,103.76,15883683840,0.020269299851330615,22.313978,0.0045,False,False,False,False,False,False,False,False,False,True,False
POOL,409.0,15695865856,0.01883214369324135,27.766464,0.0109,False,False,False,False,False,False,False,True,False,False,False
DPZ,449.59,15651441664,0.01664790363244651,25.343292,0.0134000005,False,False,True,False,False,False,False,False,False,False,False
MAA,128.91,15451153408,0.01405783765839706,28.968542,0.045500003,False,False,False,False,False,False,False,False,True,False,False
CFG,33.6,15414234112,0.026842135709975554,8.296295,0.052600004,False,False,False,False,False,True,False,False,False,False,False
TRMB,61.79,15181000704,0.01911272428890706,20.596666,,False,False,False,False,False,False,False,False,False,True,False
CF,79.52,14976636928,0.019247011754325027,12.602219,0.025,True,False,False,False,False,False,False,False,False,False,False
NDSN,261.79,14972346368,0.01197830139521721,23.249556,0.010199999,False,False,False,False,False,False,False,True,False,False,False
NWSA,25.87,14924740608,0.015566417890905305,29.067417,0.0077,False,True,False,False,False,False,False,False,False,False,False
SNA,283.04,14920029184,0.014458553777860416,13.929134,0.026199998,False,False,False,False,False,False,False,True,False,False,False
NWS,26.92,14895833088,0.015591318364244664,,0.0074,False,True,False,False,False,False,False,False,False,False,False
LW,103.15,14891971584,0.014947232249356773,15.724086,0.014099999,False,False,False,True,False,False,False,False,False,False,False
HST,20.79,14836410368,0.016729340973199648,19.800001,0.038,False,False,False,False,False,False,False,False,True,False,False
ZBRA,284.54,14620063744,0.02643102450661565,20.208807,,False,False,False,False,False,False,False,False,False,True,False
VTRS,12.28,14583359488,0.017509212982440688,4.3392224,0.0381,False,False,False,False,False,False,True,False,False,False,False
BEN,27.65,14559329280,0.017274434327599668,9.534482,0.044699997,False,False,False,False,False,True,False,False,False,False,False
UAL,43.74,14347376640,0.023152012936507788,3.783737,,False,False,False,False,False,False,False,True,False,False,False
KEY,15.02,14026306560,0.035730492671221435,8.940476,0.056199998,False,False,False,False,False,True,False,False,False,False,False
LKQ,51.82,13815575552,0.012835155766331924,11.671171,0.023,False,False,True,False,False,False,False,False,False,False,False
DGX,124.51,13784128512,0.011560335622771202,13.217622,0.0239,False,False,False,False,False,False,True,False,False,False,False
SWK,88.96,13682226176,0.0197577221984457,15.471304,0.036199998,False,False,False,False,False,False,False,True,False,False,False
MRO,24.24,13676135424,0.021300501475356396,7.819355,0.018099999,False,False,False,False,True,False,False,False,False,False,False
GEN,21.18,13489754112,0.01979648475099041,9.497758,0.0229,False,False,False,False,False,False,False,False,False,True,False
MGM,41.99,13423280128,0.020165479133050907,14.47931,0.00029999999,False,False,True,False,False,False,False,False,False,False,False
CRL,261.27,13416161280,0.021203477653808877,21.070162,,False,False,False,False,False,False,True,False,False,False,False
TAP,63.01,13396744192,0.013247493483074631,10.572147,0.026300002,False,False,False,True,False,False,False,False,False,False,False
BG,91.44,13285135360,0.018021733330155845,9.283249,0.0294,False,False,False,True,False,False,False,False,False,False,False
AMCR,9.17,13253768192,0.013382163319229869,12.561644,0.055,False,False,True,False,False,False,False,False,False,False,False
KIM,19.68,13242771456,0.016774518931381377,25.894737,0.048899997,False,False,False,False,False,False,False,False,True,False,False
CAG,27.7,13240738816,0.012247391733363519,10.297398,0.0505,False,False,False,True,False,False,False,False,False,False,False
INCY,58.9,13224582144,0.015964671624295972,10.767825,,False,False,False,False,False,False,True,False,False,False,False
RVTY,107.01,13218946048,0.01996167324374077,20.539349,0.0026,False,False,False,False,False,False,True,False,False,False,False
UDR,37.16,13213204480,0.014527674514503068,79.06383,0.045100003,False,False,False,False,False,False,False,False,True,False,False
FOXA,28.82,13103964160,0.014844599485912996,7.6853333,0.0177,False,True,False,False,False,False,False,False,False,False,False
FOX,26.33,13094172672,0.014504346201545483,11.204256,0.019299999,False,True,False,False,False,False,False,False,False,False,False
SJM,121.0,12847296512,0.012685529625990455,11.793372,0.0348,False,False,False,True,False,False,False,False,False,False,False
ALB,109.4,12843888640,0.03233375230828541,10.950952,0.012,True,False,False,False,False,False,False,False,False,False,False
PNR,77.45,12805195776,0.016075214908703585,16.443735,0.0117,False,False,False,False,False,False,False,True,False,False,False
CPB,42.95,12803395584,0.013762687680576867,13.297214,0.0342,False,False,False,True,False,False,False,False,False,False,False
KMX,80.12,12652630016,0.025187574445930193,23.223188,,False,False,True,False,False,False,False,False,False,False,False
JKHY,172.52,12571134976,0.01589117356776244,30.213661,0.0127,False,False,False,False,False,False,False,False,False,True,False
NRG,60.01,12483339264,0.01668676648955689,9.051282,0.028299998,False,False,False,False,False,False,False,False,False,False,True
LNT,48.51,12423410688,0.012512528631544305,14.74468,0.0396,False,False,False,False,False,False,False,False,False,False,True
IP,35.85,12416789504,0.015542215933402895,12.803571,0.0515,False,False,True,False,False,False,False,False,False,False,False
AOS,83.69,12318750720,0.014131270304795805,19.327946,0.015,False,False,False,False,False,False,False,True,False,False,False
JNPR,37.45,12147581952,0.01953173162118072,15.2235775,0.0234,False,False,False,False,False,False,False,False,False,True,False
IPG,31.8,12043454464,0.017736542409078102,10.392157,0.041300002,False,True,False,False,False,False,False,False,False,False,False
NI,26.59,11899689984,0.013140383160032782,14.295699,0.0398,False,False,False,False,False,False,False,False,False,False,True
GL,126.31,11836231680,0.011269780753698376,10.080606,0.0070999996,False,False,False,False,False,True,False,False,False,False,False
UHS,175.5,11795091456,0.015097993726424699,12.103448,0.0046,False,False,False,False,False,False,True,False,False,False,False
DVA,134.65,11757233152,0.023660404191227963,13.505516,,False,False,False,False,False,False,True,False,False,False,False
WRK,45.08,11584072704,0.01804219962657762,13.258823,0.0269,False,False,True,False,False,False,False,False,False,False,False
EVRG,50.35,11566451712,0.012982454680328983,12.556108,0.0514,False,False,False,False,False,False,False,False,False,False,True
TECH,73.4,11537893376,0.020010328706810736,36.336636,0.0043,False,False,False,False,False,False,True,False,False,False,False
HII,291.33,11533958144,0.013447783093974864,15.126167,0.0175,False,False,False,False,False,False,False,True,False,False,False
RL,180.32,11527064576,0.019467227653107363,16.071302,0.0168,False,False,True,False,False,False,False,False,False,False,False
REG,61.94,11501390848,0.013808384039693878,28.543777,0.042600002,False,False,False,False,False,False,False,False,True,False,False
AES,16.15,11471134720,0.022113727337872518,7.8019323,0.0421,False,False,False,False,False,False,False,False,False,False,True
PODD,163.93,11462919168,0.026217561791562795,43.36772,,False,False,False,False,False,False,True,False,False,False,False
WYNN,99.77,11182021632,0.018853771948101252,17.944244,0.01,False,False,True,False,False,False,False,False,False,False,False
ALLE,127.53,11165812736,0.016409447737949775,16.869047,0.0149,False,False,False,False,False,False,False,True,False,False,False
FFIV,187.46,11023810560,0.01243228296492392,13.515502,,False,False,False,False,False,False,False,False,False,True,False
TPR,47.78,10959107072,0.021674666766616175,10.455142,0.0296,False,False,True,False,False,False,False,False,False,False,False
QRVO,113.29,10937978880,0.018722192108984497,14.867455,,False,False,False,False,False,False,False,False,False,True,False
TFX,223.28,10506775552,0.01797850421320108,14.699144,0.0061000003,False,False,False,False,False,False,True,False,False,False,False
CPT,96.69,10342833152,0.014722645079908897,55.25143,0.043,False,False,False,False,False,False,False,False,True,False,False
CTLT,56.96,10294836224,0.03879652519973359,37.473682,,False,False,False,False,False,False,True,False,False,False,False
EMN,87.3,10244131840,0.016209256752549788,9.765101,0.0367,True,False,False,False,False,False,False,False,False,False,False
BBWI,45.1,10189938688,0.025029024455909484,12.026667,0.0175,False,False,True,False,False,False,False,False,False,False,False
BXP,64.6,10142910464,0.02699273177553849,31.980198,0.0596,False,False,False,False,False,False,False,False,True,False,False
DAY,64.33,10074078208,0.021614508084395658,31.689657,,False,False,False,False,False,False,False,False,False,True,False
MOS,31.24,10049563648,0.022931360744166525,10.809689,0.026600001,True,False,False,False,False,False,False,False,False,False,False
PAYC,173.89,9834627072,0.032981326230738496,19.80524,0.0084,False,False,False,False,False,False,False,False,False,True,False
HSIC,75.41,9690638336,0.013791892393474605,13.41815,,False,False,False,False,False,False,True,False,False,False,False
AAL,14.67,9605284864,0.02360977182854876,4.472561,,False,False,False,False,False,False,False,True,False,False,False
BIO,330.94,9425435648,0.02124512217908901,27.237862,,False,False,False,False,False,False,True,False,False,False,False
AIZ,178.61,9283719168,0.017052378657574842,10.537462,0.0162,False,False,False,False,False,True,False,False,False,False,False
MTCH,34.58,9267855360,0.025634938306453834,13.667985,,False,True,False,False,False,False,False,False,False,False,False
APA,30.46,9185303552,0.023177322945978962,6.345833,0.033299997,False,False,False,False,True,False,False,False,False,False,False
CZR,41.08,8885604352,0.02740528989223619,16.366535,,False,False,True,False,False,False,False,False,False,False,False
FRT,101.68,8503020032,0.015086655692231858,32.589745,0.0429,False,False,False,False,False,False,False,False,True,False,False
NCLH,19.66,8368416256,0.031792994197709305,11.107345,,False,False,True,False,False,False,False,False,False,False,False
RHI,78.49,8257853952,0.015857455378599773,17.638203,0.025899999,False,False,False,False,False,False,False,True,False,False,False
CHRW,69.65,8141458432,0.01716392483059427,17.32587,0.0346,False,False,False,False,False,False,False,True,False,False,False
ETSY,68.55,8122627072,0.02863399426751605,22.401962,,False,False,True,False,False,False,False,False,False,False,False
MKTX,211.29,8001065984,0.023756680778698972,25.487333,0.0136,False,False,False,False,False,True,False,False,False,False,False
PNW,68.61,7782226432,0.013365778798143992,13.749499,0.0511,False,False,False,False,False,False,False,False,False,False,True
MHK,118.91,7574139392,0.021594362350059022,10.635957,,False,False,True,False,False,False,False,False,False,False,False
FMC,59.71,7449479168,0.025901666259775812,11.870774,0.0395,True,False,False,False,False,False,False,False,False,False,False
BWA,31.32,7196709376,0.020748100373591687,7.167048,0.0143,False,False,True,False,False,False,False,False,False,False,False
PARA,10.21,7062318080,0.03654901344658146,7.9765625,0.0183,False,True,False,False,False,False,False,False,False,False,False
XRAY,33.27,7048582144,0.016341202395141037,13.804979,0.019199999,False,False,False,False,False,False,True,False,False,False,False
IVZ,15.68,7043518976,0.020399407327523683,8.296296,0.0512,False,False,False,False,False,True,False,False,False,False,False
HAS,50.73,7039497728,0.021496401842534246,12.974424,0.0556,False,False,True,False,False,False,False,False,False,False,False
CMA,51.74,6824402944,0.03863706445511172,8.358644,0.056999996,False,False,False,False,False,True,False,False,False,False,False
GNRC,110.09,6635046912,0.032503020462682455,13.744069,,False,False,False,False,False,False,False,True,False,False,False
VFC,15.82,6151069184,0.03592771611472696,11.632353,0.0229,False,False,True,False,False,False,False,False,False,False,False
ZION,40.95,6066947584,0.04084509871434395,8.825432,0.0418,False,False,False,False,False,True,False,False,False,False,False
WHR,103.13,5635415040,0.02167582022583857,6.9075685,0.0657,False,False,True,False,False,False,False,False,False,False,False